file,class,method,variable,usage
D:\Projetos\mip-serverless-tcc\MipFieldServerless\src\main\java\br\com\utfpr\mip\serverless\core\HibernateUtil.java,br.com.utfpr.mip.serverless.core.HibernateUtil,"setEnv/1[java.util.Map<java.lang.String,java.lang.String>]",cienv,1
D:\Projetos\mip-serverless-tcc\MipFieldServerless\src\main\java\br\com\utfpr\mip\serverless\core\HibernateUtil.java,br.com.utfpr.mip.serverless.core.HibernateUtil,"setEnv/1[java.util.Map<java.lang.String,java.lang.String>]",field,2
D:\Projetos\mip-serverless-tcc\MipFieldServerless\src\main\java\br\com\utfpr\mip\serverless\core\HibernateUtil.java,br.com.utfpr.mip.serverless.core.HibernateUtil,"setEnv/1[java.util.Map<java.lang.String,java.lang.String>]",e,0
D:\Projetos\mip-serverless-tcc\MipFieldServerless\src\main\java\br\com\utfpr\mip\serverless\core\HibernateUtil.java,br.com.utfpr.mip.serverless.core.HibernateUtil,"setEnv/1[java.util.Map<java.lang.String,java.lang.String>]",newenv,3
D:\Projetos\mip-serverless-tcc\MipFieldServerless\src\main\java\br\com\utfpr\mip\serverless\core\HibernateUtil.java,br.com.utfpr.mip.serverless.core.HibernateUtil,"setEnv/1[java.util.Map<java.lang.String,java.lang.String>]",obj,1
D:\Projetos\mip-serverless-tcc\MipFieldServerless\src\main\java\br\com\utfpr\mip\serverless\core\HibernateUtil.java,br.com.utfpr.mip.serverless.core.HibernateUtil,"setEnv/1[java.util.Map<java.lang.String,java.lang.String>]",classes,1
D:\Projetos\mip-serverless-tcc\MipFieldServerless\src\main\java\br\com\utfpr\mip\serverless\core\HibernateUtil.java,br.com.utfpr.mip.serverless.core.HibernateUtil,"setEnv/1[java.util.Map<java.lang.String,java.lang.String>]",cl,2
D:\Projetos\mip-serverless-tcc\MipFieldServerless\src\main\java\br\com\utfpr\mip\serverless\core\HibernateUtil.java,br.com.utfpr.mip.serverless.core.HibernateUtil,"setEnv/1[java.util.Map<java.lang.String,java.lang.String>]",env,3
D:\Projetos\mip-serverless-tcc\MipFieldServerless\src\main\java\br\com\utfpr\mip\serverless\core\HibernateUtil.java,br.com.utfpr.mip.serverless.core.HibernateUtil,"setEnv/1[java.util.Map<java.lang.String,java.lang.String>]",processEnvironmentClass,2
D:\Projetos\mip-serverless-tcc\MipFieldServerless\src\main\java\br\com\utfpr\mip\serverless\core\HibernateUtil.java,br.com.utfpr.mip.serverless.core.HibernateUtil,"setEnv/1[java.util.Map<java.lang.String,java.lang.String>]",theCaseInsensitiveEnvironmentField,2
D:\Projetos\mip-serverless-tcc\MipFieldServerless\src\main\java\br\com\utfpr\mip\serverless\core\HibernateUtil.java,br.com.utfpr.mip.serverless.core.HibernateUtil,"setEnv/1[java.util.Map<java.lang.String,java.lang.String>]",map,2
D:\Projetos\mip-serverless-tcc\MipFieldServerless\src\main\java\br\com\utfpr\mip\serverless\core\HibernateUtil.java,br.com.utfpr.mip.serverless.core.HibernateUtil,"setEnv/1[java.util.Map<java.lang.String,java.lang.String>]",theEnvironmentField,2
D:\Projetos\mip-serverless-tcc\MipFieldServerless\src\main\java\br\com\utfpr\mip\serverless\core\HibernateUtil.java,br.com.utfpr.mip.serverless.core.HibernateUtil,getSessionFactory/0,configuration,7
D:\Projetos\mip-serverless-tcc\MipFieldServerless\src\main\java\br\com\utfpr\mip\serverless\core\HibernateUtil.java,br.com.utfpr.mip.serverless.core.HibernateUtil,getSessionFactory/0,e,2
D:\Projetos\mip-serverless-tcc\MipFieldServerless\src\main\java\br\com\utfpr\mip\serverless\core\HibernateUtil.java,br.com.utfpr.mip.serverless.core.HibernateUtil,getSessionFactory/0,jdbcUrl,1
D:\Projetos\mip-serverless-tcc\MipFieldServerless\src\main\java\br\com\utfpr\mip\serverless\dto\FieldDTO.java,br.com.utfpr.mip.serverless.dto.FieldDTO,generateEntityFromDTO/1[br.com.utfpr.mip.serverless.dto.FieldDTO],s,1
D:\Projetos\mip-serverless-tcc\MipFieldServerless\src\main\java\br\com\utfpr\mip\serverless\dto\FieldDTO.java,br.com.utfpr.mip.serverless.dto.FieldDTO,generateEntityFromDTO/1[br.com.utfpr.mip.serverless.dto.FieldDTO],build,9
D:\Projetos\mip-serverless-tcc\MipFieldServerless\src\main\java\br\com\utfpr\mip\serverless\dto\FieldDTO.java,br.com.utfpr.mip.serverless.dto.FieldDTO,generateEntityFromDTO/1[br.com.utfpr.mip.serverless.dto.FieldDTO],collect,2
D:\Projetos\mip-serverless-tcc\MipFieldServerless\src\main\java\br\com\utfpr\mip\serverless\dto\FieldDTO.java,br.com.utfpr.mip.serverless.dto.FieldDTO,generateEntityFromDTO/1[br.com.utfpr.mip.serverless.dto.FieldDTO],dto,8
D:\Projetos\mip-serverless-tcc\MipFieldServerless\src\main\java\br\com\utfpr\mip\serverless\dto\FieldDTO.java,br.com.utfpr.mip.serverless.dto.FieldDTO,generateJSON/1[br.com.utfpr.mip.serverless.dto.FieldDTO],newField,1
D:\Projetos\mip-serverless-tcc\MipFieldServerless\src\main\java\br\com\utfpr\mip\serverless\dto\SurveyDTO.java,br.com.utfpr.mip.serverless.dto.SurveyDTO,generateEntityFromDTO/1[br.com.utfpr.mip.serverless.dto.SurveyDTO],readValue,23
D:\Projetos\mip-serverless-tcc\MipFieldServerless\src\main\java\br\com\utfpr\mip\serverless\dto\SurveyDTO.java,br.com.utfpr.mip.serverless.dto.SurveyDTO,generateEntityFromDTO/1[br.com.utfpr.mip.serverless.dto.SurveyDTO],create,4
D:\Projetos\mip-serverless-tcc\MipFieldServerless\src\main\java\br\com\utfpr\mip\serverless\entites\base\City.java,br.com.utfpr.mip.serverless.entites.base.City,"create/3[java.lang.Long,java.lang.String,br.com.utfpr.mip.serverless.entites.base.State]",instance,4
D:\Projetos\mip-serverless-tcc\MipFieldServerless\src\main\java\br\com\utfpr\mip\serverless\entites\base\City.java,br.com.utfpr.mip.serverless.entites.base.City,"create/3[java.lang.Long,java.lang.String,br.com.utfpr.mip.serverless.entites.base.State]",name,1
D:\Projetos\mip-serverless-tcc\MipFieldServerless\src\main\java\br\com\utfpr\mip\serverless\entites\base\City.java,br.com.utfpr.mip.serverless.entites.base.City,"create/3[java.lang.Long,java.lang.String,br.com.utfpr.mip.serverless.entites.base.State]",id,1
D:\Projetos\mip-serverless-tcc\MipFieldServerless\src\main\java\br\com\utfpr\mip\serverless\entites\base\City.java,br.com.utfpr.mip.serverless.entites.base.City,"create/3[java.lang.Long,java.lang.String,br.com.utfpr.mip.serverless.entites.base.State]",state,1
D:\Projetos\mip-serverless-tcc\MipFieldServerless\src\main\java\br\com\utfpr\mip\serverless\entites\base\Farmer.java,br.com.utfpr.mip.serverless.entites.base.Farmer,"create/2[java.lang.Long,java.lang.String]",instance,3
D:\Projetos\mip-serverless-tcc\MipFieldServerless\src\main\java\br\com\utfpr\mip\serverless\entites\base\Farmer.java,br.com.utfpr.mip.serverless.entites.base.Farmer,"create/2[java.lang.Long,java.lang.String]",name,1
D:\Projetos\mip-serverless-tcc\MipFieldServerless\src\main\java\br\com\utfpr\mip\serverless\entites\base\Farmer.java,br.com.utfpr.mip.serverless.entites.base.Farmer,"create/2[java.lang.Long,java.lang.String]",id,1
D:\Projetos\mip-serverless-tcc\MipFieldServerless\src\main\java\br\com\utfpr\mip\serverless\entites\base\Field.java,br.com.utfpr.mip.serverless.entites.base.Field,getRegion/0,supervisorOptional,2
D:\Projetos\mip-serverless-tcc\MipFieldServerless\src\main\java\br\com\utfpr\mip\serverless\entites\base\Field.java,br.com.utfpr.mip.serverless.entites.base.Field,"create/6[java.lang.Long,java.lang.String,java.lang.String,br.com.utfpr.mip.serverless.entites.base.City,br.com.utfpr.mip.serverless.entites.base.Farmer,java.util.Set<br.com.utfpr.mip.serverless.entites.base.Supervisor>]",instance,7
D:\Projetos\mip-serverless-tcc\MipFieldServerless\src\main\java\br\com\utfpr\mip\serverless\entites\base\Field.java,br.com.utfpr.mip.serverless.entites.base.Field,"create/6[java.lang.Long,java.lang.String,java.lang.String,br.com.utfpr.mip.serverless.entites.base.City,br.com.utfpr.mip.serverless.entites.base.Farmer,java.util.Set<br.com.utfpr.mip.serverless.entites.base.Supervisor>]",city,1
D:\Projetos\mip-serverless-tcc\MipFieldServerless\src\main\java\br\com\utfpr\mip\serverless\entites\base\Field.java,br.com.utfpr.mip.serverless.entites.base.Field,"create/6[java.lang.Long,java.lang.String,java.lang.String,br.com.utfpr.mip.serverless.entites.base.City,br.com.utfpr.mip.serverless.entites.base.Farmer,java.util.Set<br.com.utfpr.mip.serverless.entites.base.Supervisor>]",name,1
D:\Projetos\mip-serverless-tcc\MipFieldServerless\src\main\java\br\com\utfpr\mip\serverless\entites\base\Field.java,br.com.utfpr.mip.serverless.entites.base.Field,"create/6[java.lang.Long,java.lang.String,java.lang.String,br.com.utfpr.mip.serverless.entites.base.City,br.com.utfpr.mip.serverless.entites.base.Farmer,java.util.Set<br.com.utfpr.mip.serverless.entites.base.Supervisor>]",farmer,1
D:\Projetos\mip-serverless-tcc\MipFieldServerless\src\main\java\br\com\utfpr\mip\serverless\entites\base\Field.java,br.com.utfpr.mip.serverless.entites.base.Field,"create/6[java.lang.Long,java.lang.String,java.lang.String,br.com.utfpr.mip.serverless.entites.base.City,br.com.utfpr.mip.serverless.entites.base.Farmer,java.util.Set<br.com.utfpr.mip.serverless.entites.base.Supervisor>]",location,1
D:\Projetos\mip-serverless-tcc\MipFieldServerless\src\main\java\br\com\utfpr\mip\serverless\entites\base\Field.java,br.com.utfpr.mip.serverless.entites.base.Field,"create/6[java.lang.Long,java.lang.String,java.lang.String,br.com.utfpr.mip.serverless.entites.base.City,br.com.utfpr.mip.serverless.entites.base.Farmer,java.util.Set<br.com.utfpr.mip.serverless.entites.base.Supervisor>]",id,1
D:\Projetos\mip-serverless-tcc\MipFieldServerless\src\main\java\br\com\utfpr\mip\serverless\entites\base\Field.java,br.com.utfpr.mip.serverless.entites.base.Field,"create/6[java.lang.Long,java.lang.String,java.lang.String,br.com.utfpr.mip.serverless.entites.base.City,br.com.utfpr.mip.serverless.entites.base.Farmer,java.util.Set<br.com.utfpr.mip.serverless.entites.base.Supervisor>]",supervisors,1
D:\Projetos\mip-serverless-tcc\MipFieldServerless\src\main\java\br\com\utfpr\mip\serverless\entites\base\Field.java,br.com.utfpr.mip.serverless.entites.base.Field,addSupervisor/1[br.com.utfpr.mip.serverless.entites.base.Supervisor],aSupervisor,1
D:\Projetos\mip-serverless-tcc\MipFieldServerless\src\main\java\br\com\utfpr\mip\serverless\entites\base\Field.java,br.com.utfpr.mip.serverless.entites.base.Field,getMacroRegion/0,supervisorOptional,2
D:\Projetos\mip-serverless-tcc\MipFieldServerless\src\main\java\br\com\utfpr\mip\serverless\entites\base\Field.java,br.com.utfpr.mip.serverless.entites.base.Field,removeSupervisor/1[br.com.utfpr.mip.serverless.entites.base.Supervisor],aSupervisor,1
D:\Projetos\mip-serverless-tcc\MipFieldServerless\src\main\java\br\com\utfpr\mip\serverless\entites\base\MacroRegion.java,br.com.utfpr.mip.serverless.entites.base.MacroRegion,"create/2[java.lang.Long,java.lang.String]",instance,3
D:\Projetos\mip-serverless-tcc\MipFieldServerless\src\main\java\br\com\utfpr\mip\serverless\entites\base\MacroRegion.java,br.com.utfpr.mip.serverless.entites.base.MacroRegion,"create/2[java.lang.Long,java.lang.String]",name,1
D:\Projetos\mip-serverless-tcc\MipFieldServerless\src\main\java\br\com\utfpr\mip\serverless\entites\base\MacroRegion.java,br.com.utfpr.mip.serverless.entites.base.MacroRegion,"create/2[java.lang.Long,java.lang.String]",id,1
D:\Projetos\mip-serverless-tcc\MipFieldServerless\src\main\java\br\com\utfpr\mip\serverless\entites\base\Region.java,br.com.utfpr.mip.serverless.entites.base.Region,"create/4[java.lang.Long,java.lang.String,br.com.utfpr.mip.serverless.entites.base.MacroRegion,java.util.Set<br.com.utfpr.mip.serverless.entites.base.City>]",result,5
D:\Projetos\mip-serverless-tcc\MipFieldServerless\src\main\java\br\com\utfpr\mip\serverless\entites\base\Region.java,br.com.utfpr.mip.serverless.entites.base.Region,"create/4[java.lang.Long,java.lang.String,br.com.utfpr.mip.serverless.entites.base.MacroRegion,java.util.Set<br.com.utfpr.mip.serverless.entites.base.City>]",macroRegion,1
D:\Projetos\mip-serverless-tcc\MipFieldServerless\src\main\java\br\com\utfpr\mip\serverless\entites\base\Region.java,br.com.utfpr.mip.serverless.entites.base.Region,"create/4[java.lang.Long,java.lang.String,br.com.utfpr.mip.serverless.entites.base.MacroRegion,java.util.Set<br.com.utfpr.mip.serverless.entites.base.City>]",cities,1
D:\Projetos\mip-serverless-tcc\MipFieldServerless\src\main\java\br\com\utfpr\mip\serverless\entites\base\Region.java,br.com.utfpr.mip.serverless.entites.base.Region,"create/4[java.lang.Long,java.lang.String,br.com.utfpr.mip.serverless.entites.base.MacroRegion,java.util.Set<br.com.utfpr.mip.serverless.entites.base.City>]",name,1
D:\Projetos\mip-serverless-tcc\MipFieldServerless\src\main\java\br\com\utfpr\mip\serverless\entites\base\Region.java,br.com.utfpr.mip.serverless.entites.base.Region,"create/4[java.lang.Long,java.lang.String,br.com.utfpr.mip.serverless.entites.base.MacroRegion,java.util.Set<br.com.utfpr.mip.serverless.entites.base.City>]",id,1
D:\Projetos\mip-serverless-tcc\MipFieldServerless\src\main\java\br\com\utfpr\mip\serverless\entites\base\Region.java,br.com.utfpr.mip.serverless.entites.base.Region,addCity/1[br.com.utfpr.mip.serverless.entites.base.City],city,1
D:\Projetos\mip-serverless-tcc\MipFieldServerless\src\main\java\br\com\utfpr\mip\serverless\entites\base\Region.java,br.com.utfpr.mip.serverless.entites.base.Region,removeCity/1[br.com.utfpr.mip.serverless.entites.base.City],city,1
D:\Projetos\mip-serverless-tcc\MipFieldServerless\src\main\java\br\com\utfpr\mip\serverless\entites\base\State.java,br.com.utfpr.mip.serverless.entites.base.State,State/1[java.lang.String],name,2
D:\Projetos\mip-serverless-tcc\MipFieldServerless\src\main\java\br\com\utfpr\mip\serverless\entites\base\State.java,br.com.utfpr.mip.serverless.entites.base.State,setName/1[java.lang.String],name,2
D:\Projetos\mip-serverless-tcc\MipFieldServerless\src\main\java\br\com\utfpr\mip\serverless\entites\base\Supervisor.java,br.com.utfpr.mip.serverless.entites.base.Supervisor,"create/4[java.lang.Long,java.lang.String,java.lang.String,br.com.utfpr.mip.serverless.entites.base.Region]",instance,5
D:\Projetos\mip-serverless-tcc\MipFieldServerless\src\main\java\br\com\utfpr\mip\serverless\entites\base\Supervisor.java,br.com.utfpr.mip.serverless.entites.base.Supervisor,"create/4[java.lang.Long,java.lang.String,java.lang.String,br.com.utfpr.mip.serverless.entites.base.Region]",name,1
D:\Projetos\mip-serverless-tcc\MipFieldServerless\src\main\java\br\com\utfpr\mip\serverless\entites\base\Supervisor.java,br.com.utfpr.mip.serverless.entites.base.Supervisor,"create/4[java.lang.Long,java.lang.String,java.lang.String,br.com.utfpr.mip.serverless.entites.base.Region]",id,1
D:\Projetos\mip-serverless-tcc\MipFieldServerless\src\main\java\br\com\utfpr\mip\serverless\entites\base\Supervisor.java,br.com.utfpr.mip.serverless.entites.base.Supervisor,"create/4[java.lang.Long,java.lang.String,java.lang.String,br.com.utfpr.mip.serverless.entites.base.Region]",region,1
D:\Projetos\mip-serverless-tcc\MipFieldServerless\src\main\java\br\com\utfpr\mip\serverless\entites\base\Supervisor.java,br.com.utfpr.mip.serverless.entites.base.Supervisor,"create/4[java.lang.Long,java.lang.String,java.lang.String,br.com.utfpr.mip.serverless.entites.base.Region]",email,1
D:\Projetos\mip-serverless-tcc\MipFieldServerless\src\main\java\br\com\utfpr\mip\serverless\entites\survey\Cultivar.java,br.com.utfpr.mip.serverless.entites.survey.Cultivar,"create/2[java.lang.Long,java.lang.String]",instance,3
D:\Projetos\mip-serverless-tcc\MipFieldServerless\src\main\java\br\com\utfpr\mip\serverless\entites\survey\Cultivar.java,br.com.utfpr.mip.serverless.entites.survey.Cultivar,"create/2[java.lang.Long,java.lang.String]",name,1
D:\Projetos\mip-serverless-tcc\MipFieldServerless\src\main\java\br\com\utfpr\mip\serverless\entites\survey\Cultivar.java,br.com.utfpr.mip.serverless.entites.survey.Cultivar,"create/2[java.lang.Long,java.lang.String]",id,1
D:\Projetos\mip-serverless-tcc\MipFieldServerless\src\main\java\br\com\utfpr\mip\serverless\entites\survey\Harvest.java,br.com.utfpr.mip.serverless.entites.survey.Harvest,"create/4[java.lang.Long,java.lang.String,java.util.Date,java.util.Date]",instance,5
D:\Projetos\mip-serverless-tcc\MipFieldServerless\src\main\java\br\com\utfpr\mip\serverless\entites\survey\Harvest.java,br.com.utfpr.mip.serverless.entites.survey.Harvest,"create/4[java.lang.Long,java.lang.String,java.util.Date,java.util.Date]",name,1
D:\Projetos\mip-serverless-tcc\MipFieldServerless\src\main\java\br\com\utfpr\mip\serverless\entites\survey\Harvest.java,br.com.utfpr.mip.serverless.entites.survey.Harvest,"create/4[java.lang.Long,java.lang.String,java.util.Date,java.util.Date]",end,1
D:\Projetos\mip-serverless-tcc\MipFieldServerless\src\main\java\br\com\utfpr\mip\serverless\entites\survey\Harvest.java,br.com.utfpr.mip.serverless.entites.survey.Harvest,"create/4[java.lang.Long,java.lang.String,java.util.Date,java.util.Date]",id,1
D:\Projetos\mip-serverless-tcc\MipFieldServerless\src\main\java\br\com\utfpr\mip\serverless\entites\survey\Harvest.java,br.com.utfpr.mip.serverless.entites.survey.Harvest,"create/4[java.lang.Long,java.lang.String,java.util.Date,java.util.Date]",begin,1
D:\Projetos\mip-serverless-tcc\MipFieldServerless\src\main\java\br\com\utfpr\mip\serverless\entites\survey\PulverisationData.java,br.com.utfpr.mip.serverless.entites.survey.PulverisationData,"create/2[double,double]",soyaPrice,1
D:\Projetos\mip-serverless-tcc\MipFieldServerless\src\main\java\br\com\utfpr\mip\serverless\entites\survey\PulverisationData.java,br.com.utfpr.mip.serverless.entites.survey.PulverisationData,"create/2[double,double]",instance,3
D:\Projetos\mip-serverless-tcc\MipFieldServerless\src\main\java\br\com\utfpr\mip\serverless\entites\survey\PulverisationData.java,br.com.utfpr.mip.serverless.entites.survey.PulverisationData,"create/2[double,double]",applicationCostCurrency,1
D:\Projetos\mip-serverless-tcc\MipFieldServerless\src\main\java\br\com\utfpr\mip\serverless\entites\survey\Survey.java,br.com.utfpr.mip.serverless.entites.survey.Survey,"create/21[java.lang.Long,java.lang.String,boolean,java.util.Date,boolean,boolean,java.util.Date,java.util.Date,java.util.Date,java.lang.String,java.lang.String,double,double,boolean,double,double,double,double,double,br.com.utfpr.mip.serverless.entites.base.Field,br.com.utfpr.mip.serverless.entites.survey.Harvest]",cultivarName,2
D:\Projetos\mip-serverless-tcc\MipFieldServerless\src\main\java\br\com\utfpr\mip\serverless\entites\survey\Survey.java,br.com.utfpr.mip.serverless.entites.survey.Survey,"create/21[java.lang.Long,java.lang.String,boolean,java.util.Date,boolean,boolean,java.util.Date,java.util.Date,java.util.Date,java.lang.String,java.lang.String,double,double,boolean,double,double,double,double,double,br.com.utfpr.mip.serverless.entites.base.Field,br.com.utfpr.mip.serverless.entites.survey.Harvest]",harvestDate,2
D:\Projetos\mip-serverless-tcc\MipFieldServerless\src\main\java\br\com\utfpr\mip\serverless\entites\survey\Survey.java,br.com.utfpr.mip.serverless.entites.survey.Survey,"create/21[java.lang.Long,java.lang.String,boolean,java.util.Date,boolean,boolean,java.util.Date,java.util.Date,java.util.Date,java.lang.String,java.lang.String,double,double,boolean,double,double,double,double,double,br.com.utfpr.mip.serverless.entites.base.Field,br.com.utfpr.mip.serverless.entites.survey.Harvest]",harvest,1
D:\Projetos\mip-serverless-tcc\MipFieldServerless\src\main\java\br\com\utfpr\mip\serverless\entites\survey\Survey.java,br.com.utfpr.mip.serverless.entites.survey.Survey,"create/21[java.lang.Long,java.lang.String,boolean,java.util.Date,boolean,boolean,java.util.Date,java.util.Date,java.util.Date,java.lang.String,java.lang.String,double,double,boolean,double,double,double,double,double,br.com.utfpr.mip.serverless.entites.base.Field,br.com.utfpr.mip.serverless.entites.survey.Harvest]",instance,11
D:\Projetos\mip-serverless-tcc\MipFieldServerless\src\main\java\br\com\utfpr\mip\serverless\entites\survey\Survey.java,br.com.utfpr.mip.serverless.entites.survey.Survey,"create/21[java.lang.Long,java.lang.String,boolean,java.util.Date,boolean,boolean,java.util.Date,java.util.Date,java.util.Date,java.lang.String,java.lang.String,double,double,boolean,double,double,double,double,double,br.com.utfpr.mip.serverless.entites.base.Field,br.com.utfpr.mip.serverless.entites.survey.Harvest]",separatedWeight,2
D:\Projetos\mip-serverless-tcc\MipFieldServerless\src\main\java\br\com\utfpr\mip\serverless\entites\survey\Survey.java,br.com.utfpr.mip.serverless.entites.survey.Survey,"create/21[java.lang.Long,java.lang.String,boolean,java.util.Date,boolean,boolean,java.util.Date,java.util.Date,java.util.Date,java.lang.String,java.lang.String,double,double,boolean,double,double,double,double,double,br.com.utfpr.mip.serverless.entites.base.Field,br.com.utfpr.mip.serverless.entites.survey.Harvest]",latitude,2
D:\Projetos\mip-serverless-tcc\MipFieldServerless\src\main\java\br\com\utfpr\mip\serverless\entites\survey\Survey.java,br.com.utfpr.mip.serverless.entites.survey.Survey,"create/21[java.lang.Long,java.lang.String,boolean,java.util.Date,boolean,boolean,java.util.Date,java.util.Date,java.util.Date,java.lang.String,java.lang.String,double,double,boolean,double,double,double,double,double,br.com.utfpr.mip.serverless.entites.base.Field,br.com.utfpr.mip.serverless.entites.survey.Harvest]",sowedDate,2
D:\Projetos\mip-serverless-tcc\MipFieldServerless\src\main\java\br\com\utfpr\mip\serverless\entites\survey\Survey.java,br.com.utfpr.mip.serverless.entites.survey.Survey,"create/21[java.lang.Long,java.lang.String,boolean,java.util.Date,boolean,boolean,java.util.Date,java.util.Date,java.util.Date,java.lang.String,java.lang.String,double,double,boolean,double,double,double,double,double,br.com.utfpr.mip.serverless.entites.base.Field,br.com.utfpr.mip.serverless.entites.survey.Harvest]",productivityField,2
D:\Projetos\mip-serverless-tcc\MipFieldServerless\src\main\java\br\com\utfpr\mip\serverless\entites\survey\Survey.java,br.com.utfpr.mip.serverless.entites.survey.Survey,"create/21[java.lang.Long,java.lang.String,boolean,java.util.Date,boolean,boolean,java.util.Date,java.util.Date,java.util.Date,java.lang.String,java.lang.String,double,double,boolean,double,double,double,double,double,br.com.utfpr.mip.serverless.entites.base.Field,br.com.utfpr.mip.serverless.entites.survey.Harvest]",collectorInstallationDate,2
D:\Projetos\mip-serverless-tcc\MipFieldServerless\src\main\java\br\com\utfpr\mip\serverless\entites\survey\Survey.java,br.com.utfpr.mip.serverless.entites.survey.Survey,"create/21[java.lang.Long,java.lang.String,boolean,java.util.Date,boolean,boolean,java.util.Date,java.util.Date,java.util.Date,java.lang.String,java.lang.String,double,double,boolean,double,double,double,double,double,br.com.utfpr.mip.serverless.entites.base.Field,br.com.utfpr.mip.serverless.entites.survey.Harvest]",rustResistant,2
D:\Projetos\mip-serverless-tcc\MipFieldServerless\src\main\java\br\com\utfpr\mip\serverless\entites\survey\Survey.java,br.com.utfpr.mip.serverless.entites.survey.Survey,"create/21[java.lang.Long,java.lang.String,boolean,java.util.Date,boolean,boolean,java.util.Date,java.util.Date,java.util.Date,java.lang.String,java.lang.String,double,double,boolean,double,double,double,double,double,br.com.utfpr.mip.serverless.entites.base.Field,br.com.utfpr.mip.serverless.entites.survey.Harvest]",applicationCostCurrency,2
D:\Projetos\mip-serverless-tcc\MipFieldServerless\src\main\java\br\com\utfpr\mip\serverless\entites\survey\Survey.java,br.com.utfpr.mip.serverless.entites.survey.Survey,"create/21[java.lang.Long,java.lang.String,boolean,java.util.Date,boolean,boolean,java.util.Date,java.util.Date,java.util.Date,java.lang.String,java.lang.String,double,double,boolean,double,double,double,double,double,br.com.utfpr.mip.serverless.entites.base.Field,br.com.utfpr.mip.serverless.entites.survey.Harvest]",soyaPrice,2
D:\Projetos\mip-serverless-tcc\MipFieldServerless\src\main\java\br\com\utfpr\mip\serverless\entites\survey\Survey.java,br.com.utfpr.mip.serverless.entites.survey.Survey,"create/21[java.lang.Long,java.lang.String,boolean,java.util.Date,boolean,boolean,java.util.Date,java.util.Date,java.util.Date,java.lang.String,java.lang.String,double,double,boolean,double,double,double,double,double,br.com.utfpr.mip.serverless.entites.base.Field,br.com.utfpr.mip.serverless.entites.survey.Harvest]",bt,2
D:\Projetos\mip-serverless-tcc\MipFieldServerless\src\main\java\br\com\utfpr\mip\serverless\entites\survey\Survey.java,br.com.utfpr.mip.serverless.entites.survey.Survey,"create/21[java.lang.Long,java.lang.String,boolean,java.util.Date,boolean,boolean,java.util.Date,java.util.Date,java.util.Date,java.lang.String,java.lang.String,double,double,boolean,double,double,double,double,double,br.com.utfpr.mip.serverless.entites.base.Field,br.com.utfpr.mip.serverless.entites.survey.Harvest]",productivityFarmer,2
D:\Projetos\mip-serverless-tcc\MipFieldServerless\src\main\java\br\com\utfpr\mip\serverless\entites\survey\Survey.java,br.com.utfpr.mip.serverless.entites.survey.Survey,"create/21[java.lang.Long,java.lang.String,boolean,java.util.Date,boolean,boolean,java.util.Date,java.util.Date,java.util.Date,java.lang.String,java.lang.String,double,double,boolean,double,double,double,double,double,br.com.utfpr.mip.serverless.entites.base.Field,br.com.utfpr.mip.serverless.entites.survey.Harvest]",totalPlantedArea,2
D:\Projetos\mip-serverless-tcc\MipFieldServerless\src\main\java\br\com\utfpr\mip\serverless\entites\survey\Survey.java,br.com.utfpr.mip.serverless.entites.survey.Survey,"create/21[java.lang.Long,java.lang.String,boolean,java.util.Date,boolean,boolean,java.util.Date,java.util.Date,java.util.Date,java.lang.String,java.lang.String,double,double,boolean,double,double,double,double,double,br.com.utfpr.mip.serverless.entites.base.Field,br.com.utfpr.mip.serverless.entites.survey.Harvest]",plantPerMeter,2
D:\Projetos\mip-serverless-tcc\MipFieldServerless\src\main\java\br\com\utfpr\mip\serverless\entites\survey\Survey.java,br.com.utfpr.mip.serverless.entites.survey.Survey,"create/21[java.lang.Long,java.lang.String,boolean,java.util.Date,boolean,boolean,java.util.Date,java.util.Date,java.util.Date,java.lang.String,java.lang.String,double,double,boolean,double,double,double,double,double,br.com.utfpr.mip.serverless.entites.base.Field,br.com.utfpr.mip.serverless.entites.survey.Harvest]",field,1
D:\Projetos\mip-serverless-tcc\MipFieldServerless\src\main\java\br\com\utfpr\mip\serverless\entites\survey\Survey.java,br.com.utfpr.mip.serverless.entites.survey.Survey,"create/21[java.lang.Long,java.lang.String,boolean,java.util.Date,boolean,boolean,java.util.Date,java.util.Date,java.util.Date,java.lang.String,java.lang.String,double,double,boolean,double,double,double,double,double,br.com.utfpr.mip.serverless.entites.base.Field,br.com.utfpr.mip.serverless.entites.survey.Harvest]",id,1
D:\Projetos\mip-serverless-tcc\MipFieldServerless\src\main\java\br\com\utfpr\mip\serverless\entites\survey\Survey.java,br.com.utfpr.mip.serverless.entites.survey.Survey,"create/21[java.lang.Long,java.lang.String,boolean,java.util.Date,boolean,boolean,java.util.Date,java.util.Date,java.util.Date,java.lang.String,java.lang.String,double,double,boolean,double,double,double,double,double,br.com.utfpr.mip.serverless.entites.base.Field,br.com.utfpr.mip.serverless.entites.survey.Harvest]",sporeCollectorPresent,2
D:\Projetos\mip-serverless-tcc\MipFieldServerless\src\main\java\br\com\utfpr\mip\serverless\entites\survey\Survey.java,br.com.utfpr.mip.serverless.entites.survey.Survey,"create/21[java.lang.Long,java.lang.String,boolean,java.util.Date,boolean,boolean,java.util.Date,java.util.Date,java.util.Date,java.lang.String,java.lang.String,double,double,boolean,double,double,double,double,double,br.com.utfpr.mip.serverless.entites.base.Field,br.com.utfpr.mip.serverless.entites.survey.Harvest]",emergenceDate,2
D:\Projetos\mip-serverless-tcc\MipFieldServerless\src\main\java\br\com\utfpr\mip\serverless\entites\survey\Survey.java,br.com.utfpr.mip.serverless.entites.survey.Survey,"create/21[java.lang.Long,java.lang.String,boolean,java.util.Date,boolean,boolean,java.util.Date,java.util.Date,java.util.Date,java.lang.String,java.lang.String,double,double,boolean,double,double,double,double,double,br.com.utfpr.mip.serverless.entites.base.Field,br.com.utfpr.mip.serverless.entites.survey.Harvest]",longitude,2
D:\Projetos\mip-serverless-tcc\MipFieldServerless\src\main\java\br\com\utfpr\mip\serverless\entites\survey\Survey.java,br.com.utfpr.mip.serverless.entites.survey.Survey,"create/21[java.lang.Long,java.lang.String,boolean,java.util.Date,boolean,boolean,java.util.Date,java.util.Date,java.util.Date,java.lang.String,java.lang.String,double,double,boolean,double,double,double,double,double,br.com.utfpr.mip.serverless.entites.base.Field,br.com.utfpr.mip.serverless.entites.survey.Harvest]",totalArea,2
D:\Projetos\mip-serverless-tcc\MipFieldServerless\src\main\java\br\com\utfpr\mip\serverless\LambdaFunctionHandler.java,br.com.utfpr.mip.serverless.LambdaFunctionHandler,"handleRequest/2[java.lang.Object,br.com.utfpr.mip.serverless.Context]",input,1
D:\Projetos\mip-serverless-tcc\MipFieldServerless\src\main\java\br\com\utfpr\mip\serverless\LambdaFunctionHandler.java,br.com.utfpr.mip.serverless.LambdaFunctionHandler,"handleRequest/2[java.lang.Object,br.com.utfpr.mip.serverless.Context]",context,1
D:\Projetos\mip-serverless-tcc\MipFieldServerless\src\main\java\br\com\utfpr\mip\serverless\service\field\CreateFieldRequest.java,br.com.utfpr.mip.serverless.service.field.CreateFieldRequest,"checkEntityExists/2[br.com.utfpr.mip.serverless.service.field.Session,br.com.utfpr.mip.serverless.entites.base.Field]",field,2
D:\Projetos\mip-serverless-tcc\MipFieldServerless\src\main\java\br\com\utfpr\mip\serverless\service\field\CreateFieldRequest.java,br.com.utfpr.mip.serverless.service.field.CreateFieldRequest,"checkEntityExists/2[br.com.utfpr.mip.serverless.service.field.Session,br.com.utfpr.mip.serverless.entites.base.Field]",session,1
D:\Projetos\mip-serverless-tcc\MipFieldServerless\src\main\java\br\com\utfpr\mip\serverless\service\field\CreateFieldRequest.java,br.com.utfpr.mip.serverless.service.field.CreateFieldRequest,"checkEntityExists/2[br.com.utfpr.mip.serverless.service.field.Session,br.com.utfpr.mip.serverless.entites.base.Field]",query,3
D:\Projetos\mip-serverless-tcc\MipFieldServerless\src\main\java\br\com\utfpr\mip\serverless\service\field\CreateFieldRequest.java,br.com.utfpr.mip.serverless.service.field.CreateFieldRequest,"supervisorAllowedInCity/2[br.com.utfpr.mip.serverless.service.field.Session,br.com.utfpr.mip.serverless.entites.base.Field]",regionsIds,1
D:\Projetos\mip-serverless-tcc\MipFieldServerless\src\main\java\br\com\utfpr\mip\serverless\service\field\CreateFieldRequest.java,br.com.utfpr.mip.serverless.service.field.CreateFieldRequest,"supervisorAllowedInCity/2[br.com.utfpr.mip.serverless.service.field.Session,br.com.utfpr.mip.serverless.entites.base.Field]",s,1
D:\Projetos\mip-serverless-tcc\MipFieldServerless\src\main\java\br\com\utfpr\mip\serverless\service\field\CreateFieldRequest.java,br.com.utfpr.mip.serverless.service.field.CreateFieldRequest,"supervisorAllowedInCity/2[br.com.utfpr.mip.serverless.service.field.Session,br.com.utfpr.mip.serverless.entites.base.Field]",field,2
D:\Projetos\mip-serverless-tcc\MipFieldServerless\src\main\java\br\com\utfpr\mip\serverless\service\field\CreateFieldRequest.java,br.com.utfpr.mip.serverless.service.field.CreateFieldRequest,"supervisorAllowedInCity/2[br.com.utfpr.mip.serverless.service.field.Session,br.com.utfpr.mip.serverless.entites.base.Field]",cities,1
D:\Projetos\mip-serverless-tcc\MipFieldServerless\src\main\java\br\com\utfpr\mip\serverless\service\field\CreateFieldRequest.java,br.com.utfpr.mip.serverless.service.field.CreateFieldRequest,"supervisorAllowedInCity/2[br.com.utfpr.mip.serverless.service.field.Session,br.com.utfpr.mip.serverless.entites.base.Field]",city,1
D:\Projetos\mip-serverless-tcc\MipFieldServerless\src\main\java\br\com\utfpr\mip\serverless\service\field\CreateFieldRequest.java,br.com.utfpr.mip.serverless.service.field.CreateFieldRequest,"supervisorAllowedInCity/2[br.com.utfpr.mip.serverless.service.field.Session,br.com.utfpr.mip.serverless.entites.base.Field]",session,2
D:\Projetos\mip-serverless-tcc\MipFieldServerless\src\main\java\br\com\utfpr\mip\serverless\service\field\CreateFieldRequest.java,br.com.utfpr.mip.serverless.service.field.CreateFieldRequest,"supervisorAllowedInCity/2[br.com.utfpr.mip.serverless.service.field.Session,br.com.utfpr.mip.serverless.entites.base.Field]",citySelected,1
D:\Projetos\mip-serverless-tcc\MipFieldServerless\src\main\java\br\com\utfpr\mip\serverless\service\field\CreateFieldRequest.java,br.com.utfpr.mip.serverless.service.field.CreateFieldRequest,"supervisorAllowedInCity/2[br.com.utfpr.mip.serverless.service.field.Session,br.com.utfpr.mip.serverless.entites.base.Field]",ids,1
D:\Projetos\mip-serverless-tcc\MipFieldServerless\src\main\java\br\com\utfpr\mip\serverless\service\field\CreateFieldRequest.java,br.com.utfpr.mip.serverless.service.field.CreateFieldRequest,"handleRequest/2[br.com.utfpr.mip.serverless.service.field.APIGatewayProxyRequestEvent,br.com.utfpr.mip.serverless.service.field.Context]",input,1
D:\Projetos\mip-serverless-tcc\MipFieldServerless\src\main\java\br\com\utfpr\mip\serverless\service\field\CreateFieldRequest.java,br.com.utfpr.mip.serverless.service.field.CreateFieldRequest,"handleRequest/2[br.com.utfpr.mip.serverless.service.field.APIGatewayProxyRequestEvent,br.com.utfpr.mip.serverless.service.field.Context]",readValue,2
D:\Projetos\mip-serverless-tcc\MipFieldServerless\src\main\java\br\com\utfpr\mip\serverless\service\field\CreateFieldRequest.java,br.com.utfpr.mip.serverless.service.field.CreateFieldRequest,"handleRequest/2[br.com.utfpr.mip.serverless.service.field.APIGatewayProxyRequestEvent,br.com.utfpr.mip.serverless.service.field.Context]",field,5
D:\Projetos\mip-serverless-tcc\MipFieldServerless\src\main\java\br\com\utfpr\mip\serverless\service\field\CreateFieldRequest.java,br.com.utfpr.mip.serverless.service.field.CreateFieldRequest,"handleRequest/2[br.com.utfpr.mip.serverless.service.field.APIGatewayProxyRequestEvent,br.com.utfpr.mip.serverless.service.field.Context]",e,1
D:\Projetos\mip-serverless-tcc\MipFieldServerless\src\main\java\br\com\utfpr\mip\serverless\service\field\CreateFieldRequest.java,br.com.utfpr.mip.serverless.service.field.CreateFieldRequest,"handleRequest/2[br.com.utfpr.mip.serverless.service.field.APIGatewayProxyRequestEvent,br.com.utfpr.mip.serverless.service.field.Context]",session,5
D:\Projetos\mip-serverless-tcc\MipFieldServerless\src\main\java\br\com\utfpr\mip\serverless\service\field\CreateFieldRequest.java,br.com.utfpr.mip.serverless.service.field.CreateFieldRequest,"handleRequest/2[br.com.utfpr.mip.serverless.service.field.APIGatewayProxyRequestEvent,br.com.utfpr.mip.serverless.service.field.Context]",context,0
D:\Projetos\mip-serverless-tcc\MipFieldServerless\src\main\java\br\com\utfpr\mip\serverless\service\field\CreateFieldRequest.java,br.com.utfpr.mip.serverless.service.field.CreateFieldRequest,"handleRequest/2[br.com.utfpr.mip.serverless.service.field.APIGatewayProxyRequestEvent,br.com.utfpr.mip.serverless.service.field.Context]",sessionFactory,1
D:\Projetos\mip-serverless-tcc\MipFieldServerless\src\main\java\br\com\utfpr\mip\serverless\service\field\CreateFieldRequest.java,br.com.utfpr.mip.serverless.service.field.CreateFieldRequest,"handleRequest/2[br.com.utfpr.mip.serverless.service.field.APIGatewayProxyRequestEvent,br.com.utfpr.mip.serverless.service.field.Context]",responseEvent,7
D:\Projetos\mip-serverless-tcc\MipFieldServerless\src\main\java\br\com\utfpr\mip\serverless\service\field\CreateFieldRequest.java,br.com.utfpr.mip.serverless.service.field.CreateFieldRequest,"saveOrUpdateField/3[br.com.utfpr.mip.serverless.service.field.APIGatewayProxyResponseEvent,br.com.utfpr.mip.serverless.service.field.Session,br.com.utfpr.mip.serverless.entites.base.Field]",field,2
D:\Projetos\mip-serverless-tcc\MipFieldServerless\src\main\java\br\com\utfpr\mip\serverless\service\field\CreateFieldRequest.java,br.com.utfpr.mip.serverless.service.field.CreateFieldRequest,"saveOrUpdateField/3[br.com.utfpr.mip.serverless.service.field.APIGatewayProxyResponseEvent,br.com.utfpr.mip.serverless.service.field.Session,br.com.utfpr.mip.serverless.entites.base.Field]",session,2
D:\Projetos\mip-serverless-tcc\MipFieldServerless\src\main\java\br\com\utfpr\mip\serverless\service\field\CreateFieldRequest.java,br.com.utfpr.mip.serverless.service.field.CreateFieldRequest,"saveOrUpdateField/3[br.com.utfpr.mip.serverless.service.field.APIGatewayProxyResponseEvent,br.com.utfpr.mip.serverless.service.field.Session,br.com.utfpr.mip.serverless.entites.base.Field]",responseEvent,2
D:\Projetos\mip-serverless-tcc\MipFieldServerless\src\main\java\br\com\utfpr\mip\serverless\service\field\DeleteFieldRequest.java,br.com.utfpr.mip.serverless.service.field.DeleteFieldRequest,"checkSameUser/3[br.com.utfpr.mip.serverless.service.field.Session,java.lang.String,java.lang.String]",createdBy,1
D:\Projetos\mip-serverless-tcc\MipFieldServerless\src\main\java\br\com\utfpr\mip\serverless\service\field\DeleteFieldRequest.java,br.com.utfpr.mip.serverless.service.field.DeleteFieldRequest,"checkSameUser/3[br.com.utfpr.mip.serverless.service.field.Session,java.lang.String,java.lang.String]",session,1
D:\Projetos\mip-serverless-tcc\MipFieldServerless\src\main\java\br\com\utfpr\mip\serverless\service\field\DeleteFieldRequest.java,br.com.utfpr.mip.serverless.service.field.DeleteFieldRequest,"checkSameUser/3[br.com.utfpr.mip.serverless.service.field.Session,java.lang.String,java.lang.String]",userId,1
D:\Projetos\mip-serverless-tcc\MipFieldServerless\src\main\java\br\com\utfpr\mip\serverless\service\field\DeleteFieldRequest.java,br.com.utfpr.mip.serverless.service.field.DeleteFieldRequest,"checkSameUser/3[br.com.utfpr.mip.serverless.service.field.Session,java.lang.String,java.lang.String]",fieldId,1
D:\Projetos\mip-serverless-tcc\MipFieldServerless\src\main\java\br\com\utfpr\mip\serverless\service\field\DeleteFieldRequest.java,br.com.utfpr.mip.serverless.service.field.DeleteFieldRequest,"handleRequest/2[br.com.utfpr.mip.serverless.service.field.APIGatewayProxyRequestEvent,br.com.utfpr.mip.serverless.service.field.Context]",input,1
D:\Projetos\mip-serverless-tcc\MipFieldServerless\src\main\java\br\com\utfpr\mip\serverless\service\field\DeleteFieldRequest.java,br.com.utfpr.mip.serverless.service.field.DeleteFieldRequest,"handleRequest/2[br.com.utfpr.mip.serverless.service.field.APIGatewayProxyRequestEvent,br.com.utfpr.mip.serverless.service.field.Context]",e,3
D:\Projetos\mip-serverless-tcc\MipFieldServerless\src\main\java\br\com\utfpr\mip\serverless\service\field\DeleteFieldRequest.java,br.com.utfpr.mip.serverless.service.field.DeleteFieldRequest,"handleRequest/2[br.com.utfpr.mip.serverless.service.field.APIGatewayProxyRequestEvent,br.com.utfpr.mip.serverless.service.field.Context]",session,5
D:\Projetos\mip-serverless-tcc\MipFieldServerless\src\main\java\br\com\utfpr\mip\serverless\service\field\DeleteFieldRequest.java,br.com.utfpr.mip.serverless.service.field.DeleteFieldRequest,"handleRequest/2[br.com.utfpr.mip.serverless.service.field.APIGatewayProxyRequestEvent,br.com.utfpr.mip.serverless.service.field.Context]",context,0
D:\Projetos\mip-serverless-tcc\MipFieldServerless\src\main\java\br\com\utfpr\mip\serverless\service\field\DeleteFieldRequest.java,br.com.utfpr.mip.serverless.service.field.DeleteFieldRequest,"handleRequest/2[br.com.utfpr.mip.serverless.service.field.APIGatewayProxyRequestEvent,br.com.utfpr.mip.serverless.service.field.Context]",sessionFactory,1
D:\Projetos\mip-serverless-tcc\MipFieldServerless\src\main\java\br\com\utfpr\mip\serverless\service\field\DeleteFieldRequest.java,br.com.utfpr.mip.serverless.service.field.DeleteFieldRequest,"handleRequest/2[br.com.utfpr.mip.serverless.service.field.APIGatewayProxyRequestEvent,br.com.utfpr.mip.serverless.service.field.Context]",responseEvent,8
D:\Projetos\mip-serverless-tcc\MipFieldServerless\src\main\java\br\com\utfpr\mip\serverless\service\field\DeleteFieldRequest.java,br.com.utfpr.mip.serverless.service.field.DeleteFieldRequest,"handleRequest/2[br.com.utfpr.mip.serverless.service.field.APIGatewayProxyRequestEvent,br.com.utfpr.mip.serverless.service.field.Context]",queryStringParameters,2
D:\Projetos\mip-serverless-tcc\MipFieldServerless\src\main\java\br\com\utfpr\mip\serverless\service\field\DeleteFieldRequest.java,br.com.utfpr.mip.serverless.service.field.DeleteFieldRequest,"handleRequest/2[br.com.utfpr.mip.serverless.service.field.APIGatewayProxyRequestEvent,br.com.utfpr.mip.serverless.service.field.Context]",myObject,1
D:\Projetos\mip-serverless-tcc\MipFieldServerless\src\main\java\br\com\utfpr\mip\serverless\service\field\DeleteFieldRequest.java,br.com.utfpr.mip.serverless.service.field.DeleteFieldRequest,"handleRequest/2[br.com.utfpr.mip.serverless.service.field.APIGatewayProxyRequestEvent,br.com.utfpr.mip.serverless.service.field.Context]",userId,2
D:\Projetos\mip-serverless-tcc\MipFieldServerless\src\main\java\br\com\utfpr\mip\serverless\service\field\DeleteFieldRequest.java,br.com.utfpr.mip.serverless.service.field.DeleteFieldRequest,"handleRequest/2[br.com.utfpr.mip.serverless.service.field.APIGatewayProxyRequestEvent,br.com.utfpr.mip.serverless.service.field.Context]",fieldId,3
D:\Projetos\mip-serverless-tcc\MipFieldServerless\src\main\java\br\com\utfpr\mip\serverless\service\field\GetFieldByIdRequest.java,br.com.utfpr.mip.serverless.service.field.GetFieldByIdRequest,"handleRequest/2[br.com.utfpr.mip.serverless.service.field.APIGatewayProxyRequestEvent,br.com.utfpr.mip.serverless.service.field.Context]",input,1
D:\Projetos\mip-serverless-tcc\MipFieldServerless\src\main\java\br\com\utfpr\mip\serverless\service\field\GetFieldByIdRequest.java,br.com.utfpr.mip.serverless.service.field.GetFieldByIdRequest,"handleRequest/2[br.com.utfpr.mip.serverless.service.field.APIGatewayProxyRequestEvent,br.com.utfpr.mip.serverless.service.field.Context]",e,3
D:\Projetos\mip-serverless-tcc\MipFieldServerless\src\main\java\br\com\utfpr\mip\serverless\service\field\GetFieldByIdRequest.java,br.com.utfpr.mip.serverless.service.field.GetFieldByIdRequest,"handleRequest/2[br.com.utfpr.mip.serverless.service.field.APIGatewayProxyRequestEvent,br.com.utfpr.mip.serverless.service.field.Context]",session,3
D:\Projetos\mip-serverless-tcc\MipFieldServerless\src\main\java\br\com\utfpr\mip\serverless\service\field\GetFieldByIdRequest.java,br.com.utfpr.mip.serverless.service.field.GetFieldByIdRequest,"handleRequest/2[br.com.utfpr.mip.serverless.service.field.APIGatewayProxyRequestEvent,br.com.utfpr.mip.serverless.service.field.Context]",myObjectMapper,2
D:\Projetos\mip-serverless-tcc\MipFieldServerless\src\main\java\br\com\utfpr\mip\serverless\service\field\GetFieldByIdRequest.java,br.com.utfpr.mip.serverless.service.field.GetFieldByIdRequest,"handleRequest/2[br.com.utfpr.mip.serverless.service.field.APIGatewayProxyRequestEvent,br.com.utfpr.mip.serverless.service.field.Context]",context,0
D:\Projetos\mip-serverless-tcc\MipFieldServerless\src\main\java\br\com\utfpr\mip\serverless\service\field\GetFieldByIdRequest.java,br.com.utfpr.mip.serverless.service.field.GetFieldByIdRequest,"handleRequest/2[br.com.utfpr.mip.serverless.service.field.APIGatewayProxyRequestEvent,br.com.utfpr.mip.serverless.service.field.Context]",sessionFactory,1
D:\Projetos\mip-serverless-tcc\MipFieldServerless\src\main\java\br\com\utfpr\mip\serverless\service\field\GetFieldByIdRequest.java,br.com.utfpr.mip.serverless.service.field.GetFieldByIdRequest,"handleRequest/2[br.com.utfpr.mip.serverless.service.field.APIGatewayProxyRequestEvent,br.com.utfpr.mip.serverless.service.field.Context]",responseEvent,6
D:\Projetos\mip-serverless-tcc\MipFieldServerless\src\main\java\br\com\utfpr\mip\serverless\service\field\GetFieldByIdRequest.java,br.com.utfpr.mip.serverless.service.field.GetFieldByIdRequest,"handleRequest/2[br.com.utfpr.mip.serverless.service.field.APIGatewayProxyRequestEvent,br.com.utfpr.mip.serverless.service.field.Context]",resultList,2
D:\Projetos\mip-serverless-tcc\MipFieldServerless\src\main\java\br\com\utfpr\mip\serverless\service\field\GetFieldRequest.java,br.com.utfpr.mip.serverless.service.field.GetFieldRequest,"handleRequest/2[br.com.utfpr.mip.serverless.service.field.APIGatewayProxyRequestEvent,br.com.utfpr.mip.serverless.service.field.Context]",input,0
D:\Projetos\mip-serverless-tcc\MipFieldServerless\src\main\java\br\com\utfpr\mip\serverless\service\field\GetFieldRequest.java,br.com.utfpr.mip.serverless.service.field.GetFieldRequest,"handleRequest/2[br.com.utfpr.mip.serverless.service.field.APIGatewayProxyRequestEvent,br.com.utfpr.mip.serverless.service.field.Context]",e,1
D:\Projetos\mip-serverless-tcc\MipFieldServerless\src\main\java\br\com\utfpr\mip\serverless\service\field\GetFieldRequest.java,br.com.utfpr.mip.serverless.service.field.GetFieldRequest,"handleRequest/2[br.com.utfpr.mip.serverless.service.field.APIGatewayProxyRequestEvent,br.com.utfpr.mip.serverless.service.field.Context]",session,3
D:\Projetos\mip-serverless-tcc\MipFieldServerless\src\main\java\br\com\utfpr\mip\serverless\service\field\GetFieldRequest.java,br.com.utfpr.mip.serverless.service.field.GetFieldRequest,"handleRequest/2[br.com.utfpr.mip.serverless.service.field.APIGatewayProxyRequestEvent,br.com.utfpr.mip.serverless.service.field.Context]",context,0
D:\Projetos\mip-serverless-tcc\MipFieldServerless\src\main\java\br\com\utfpr\mip\serverless\service\field\GetFieldRequest.java,br.com.utfpr.mip.serverless.service.field.GetFieldRequest,"handleRequest/2[br.com.utfpr.mip.serverless.service.field.APIGatewayProxyRequestEvent,br.com.utfpr.mip.serverless.service.field.Context]",sessionFactory,1
D:\Projetos\mip-serverless-tcc\MipFieldServerless\src\main\java\br\com\utfpr\mip\serverless\service\field\GetFieldRequest.java,br.com.utfpr.mip.serverless.service.field.GetFieldRequest,"handleRequest/2[br.com.utfpr.mip.serverless.service.field.APIGatewayProxyRequestEvent,br.com.utfpr.mip.serverless.service.field.Context]",responseEvent,4
D:\Projetos\mip-serverless-tcc\MipFieldServerless\src\main\java\br\com\utfpr\mip\serverless\service\field\GetFieldRequest.java,br.com.utfpr.mip.serverless.service.field.GetFieldRequest,"handleRequest/2[br.com.utfpr.mip.serverless.service.field.APIGatewayProxyRequestEvent,br.com.utfpr.mip.serverless.service.field.Context]",resultList,2
D:\Projetos\mip-serverless-tcc\MipFieldServerless\src\main\java\br\com\utfpr\mip\serverless\service\survey\CreateSurveyRequest.java,br.com.utfpr.mip.serverless.service.survey.CreateSurveyRequest,"checkEntityExists/2[br.com.utfpr.mip.serverless.service.survey.Session,br.com.utfpr.mip.serverless.entites.survey.Survey]",session,1
D:\Projetos\mip-serverless-tcc\MipFieldServerless\src\main\java\br\com\utfpr\mip\serverless\service\survey\CreateSurveyRequest.java,br.com.utfpr.mip.serverless.service.survey.CreateSurveyRequest,"checkEntityExists/2[br.com.utfpr.mip.serverless.service.survey.Session,br.com.utfpr.mip.serverless.entites.survey.Survey]",query,3
D:\Projetos\mip-serverless-tcc\MipFieldServerless\src\main\java\br\com\utfpr\mip\serverless\service\survey\CreateSurveyRequest.java,br.com.utfpr.mip.serverless.service.survey.CreateSurveyRequest,"checkEntityExists/2[br.com.utfpr.mip.serverless.service.survey.Session,br.com.utfpr.mip.serverless.entites.survey.Survey]",survey,2
D:\Projetos\mip-serverless-tcc\MipFieldServerless\src\main\java\br\com\utfpr\mip\serverless\service\survey\CreateSurveyRequest.java,br.com.utfpr.mip.serverless.service.survey.CreateSurveyRequest,"handleRequest/2[br.com.utfpr.mip.serverless.service.survey.APIGatewayProxyRequestEvent,br.com.utfpr.mip.serverless.service.survey.Context]",input,1
D:\Projetos\mip-serverless-tcc\MipFieldServerless\src\main\java\br\com\utfpr\mip\serverless\service\survey\CreateSurveyRequest.java,br.com.utfpr.mip.serverless.service.survey.CreateSurveyRequest,"handleRequest/2[br.com.utfpr.mip.serverless.service.survey.APIGatewayProxyRequestEvent,br.com.utfpr.mip.serverless.service.survey.Context]",readValue,2
D:\Projetos\mip-serverless-tcc\MipFieldServerless\src\main\java\br\com\utfpr\mip\serverless\service\survey\CreateSurveyRequest.java,br.com.utfpr.mip.serverless.service.survey.CreateSurveyRequest,"handleRequest/2[br.com.utfpr.mip.serverless.service.survey.APIGatewayProxyRequestEvent,br.com.utfpr.mip.serverless.service.survey.Context]",e,2
D:\Projetos\mip-serverless-tcc\MipFieldServerless\src\main\java\br\com\utfpr\mip\serverless\service\survey\CreateSurveyRequest.java,br.com.utfpr.mip.serverless.service.survey.CreateSurveyRequest,"handleRequest/2[br.com.utfpr.mip.serverless.service.survey.APIGatewayProxyRequestEvent,br.com.utfpr.mip.serverless.service.survey.Context]",session,4
D:\Projetos\mip-serverless-tcc\MipFieldServerless\src\main\java\br\com\utfpr\mip\serverless\service\survey\CreateSurveyRequest.java,br.com.utfpr.mip.serverless.service.survey.CreateSurveyRequest,"handleRequest/2[br.com.utfpr.mip.serverless.service.survey.APIGatewayProxyRequestEvent,br.com.utfpr.mip.serverless.service.survey.Context]",context,0
D:\Projetos\mip-serverless-tcc\MipFieldServerless\src\main\java\br\com\utfpr\mip\serverless\service\survey\CreateSurveyRequest.java,br.com.utfpr.mip.serverless.service.survey.CreateSurveyRequest,"handleRequest/2[br.com.utfpr.mip.serverless.service.survey.APIGatewayProxyRequestEvent,br.com.utfpr.mip.serverless.service.survey.Context]",sessionFactory,1
D:\Projetos\mip-serverless-tcc\MipFieldServerless\src\main\java\br\com\utfpr\mip\serverless\service\survey\CreateSurveyRequest.java,br.com.utfpr.mip.serverless.service.survey.CreateSurveyRequest,"handleRequest/2[br.com.utfpr.mip.serverless.service.survey.APIGatewayProxyRequestEvent,br.com.utfpr.mip.serverless.service.survey.Context]",survey,3
D:\Projetos\mip-serverless-tcc\MipFieldServerless\src\main\java\br\com\utfpr\mip\serverless\service\survey\CreateSurveyRequest.java,br.com.utfpr.mip.serverless.service.survey.CreateSurveyRequest,"handleRequest/2[br.com.utfpr.mip.serverless.service.survey.APIGatewayProxyRequestEvent,br.com.utfpr.mip.serverless.service.survey.Context]",responseEvent,7
D:\Projetos\mip-serverless-tcc\MipFieldServerless\src\main\java\br\com\utfpr\mip\serverless\service\survey\CreateSurveyRequest.java,br.com.utfpr.mip.serverless.service.survey.CreateSurveyRequest,main/1[java.lang.String[]],args,0
D:\Projetos\mip-serverless-tcc\MipFieldServerless\src\main\java\br\com\utfpr\mip\serverless\service\survey\CreateSurveyRequest.java,br.com.utfpr.mip.serverless.service.survey.CreateSurveyRequest,main/1[java.lang.String[]],readValue,2
D:\Projetos\mip-serverless-tcc\MipFieldServerless\src\main\java\br\com\utfpr\mip\serverless\service\survey\CreateSurveyRequest.java,br.com.utfpr.mip.serverless.service.survey.CreateSurveyRequest,main/1[java.lang.String[]],test,1
D:\Projetos\mip-serverless-tcc\MipFieldServerless\src\main\java\br\com\utfpr\mip\serverless\service\survey\CreateSurveyRequest.java,br.com.utfpr.mip.serverless.service.survey.CreateSurveyRequest,main/1[java.lang.String[]],e,1
D:\Projetos\mip-serverless-tcc\MipFieldServerless\src\main\java\br\com\utfpr\mip\serverless\service\survey\CreateSurveyRequest.java,br.com.utfpr.mip.serverless.service.survey.CreateSurveyRequest,main/1[java.lang.String[]],session,4
D:\Projetos\mip-serverless-tcc\MipFieldServerless\src\main\java\br\com\utfpr\mip\serverless\service\survey\CreateSurveyRequest.java,br.com.utfpr.mip.serverless.service.survey.CreateSurveyRequest,main/1[java.lang.String[]],sessionFactory,1
D:\Projetos\mip-serverless-tcc\MipFieldServerless\src\main\java\br\com\utfpr\mip\serverless\service\survey\CreateSurveyRequest.java,br.com.utfpr.mip.serverless.service.survey.CreateSurveyRequest,main/1[java.lang.String[]],survey,2
D:\Projetos\mip-serverless-tcc\MipFieldServerless\src\main\java\br\com\utfpr\mip\serverless\service\survey\CreateSurveyRequest.java,br.com.utfpr.mip.serverless.service.survey.CreateSurveyRequest,main/1[java.lang.String[]],properties,5
D:\Projetos\mip-serverless-tcc\MipFieldServerless\src\main\java\br\com\utfpr\mip\serverless\service\survey\CreateSurveyRequest.java,br.com.utfpr.mip.serverless.service.survey.CreateSurveyRequest,"saveOrUpdateField/3[br.com.utfpr.mip.serverless.service.survey.APIGatewayProxyResponseEvent,br.com.utfpr.mip.serverless.service.survey.Session,br.com.utfpr.mip.serverless.entites.survey.Survey]",session,1
D:\Projetos\mip-serverless-tcc\MipFieldServerless\src\main\java\br\com\utfpr\mip\serverless\service\survey\CreateSurveyRequest.java,br.com.utfpr.mip.serverless.service.survey.CreateSurveyRequest,"saveOrUpdateField/3[br.com.utfpr.mip.serverless.service.survey.APIGatewayProxyResponseEvent,br.com.utfpr.mip.serverless.service.survey.Session,br.com.utfpr.mip.serverless.entites.survey.Survey]",survey,1
D:\Projetos\mip-serverless-tcc\MipFieldServerless\src\main\java\br\com\utfpr\mip\serverless\service\survey\CreateSurveyRequest.java,br.com.utfpr.mip.serverless.service.survey.CreateSurveyRequest,"saveOrUpdateField/3[br.com.utfpr.mip.serverless.service.survey.APIGatewayProxyResponseEvent,br.com.utfpr.mip.serverless.service.survey.Session,br.com.utfpr.mip.serverless.entites.survey.Survey]",responseEvent,1
D:\Projetos\mip-serverless-tcc\MipFieldServerless\src\main\java\br\com\utfpr\mip\serverless\service\survey\DeleteSurveyRequest.java,br.com.utfpr.mip.serverless.service.survey.DeleteSurveyRequest,"checkSameUser/3[br.com.utfpr.mip.serverless.service.survey.Session,java.lang.String,java.lang.String]",surveyId,1
D:\Projetos\mip-serverless-tcc\MipFieldServerless\src\main\java\br\com\utfpr\mip\serverless\service\survey\DeleteSurveyRequest.java,br.com.utfpr.mip.serverless.service.survey.DeleteSurveyRequest,"checkSameUser/3[br.com.utfpr.mip.serverless.service.survey.Session,java.lang.String,java.lang.String]",createdBy,1
D:\Projetos\mip-serverless-tcc\MipFieldServerless\src\main\java\br\com\utfpr\mip\serverless\service\survey\DeleteSurveyRequest.java,br.com.utfpr.mip.serverless.service.survey.DeleteSurveyRequest,"checkSameUser/3[br.com.utfpr.mip.serverless.service.survey.Session,java.lang.String,java.lang.String]",session,1
D:\Projetos\mip-serverless-tcc\MipFieldServerless\src\main\java\br\com\utfpr\mip\serverless\service\survey\DeleteSurveyRequest.java,br.com.utfpr.mip.serverless.service.survey.DeleteSurveyRequest,"checkSameUser/3[br.com.utfpr.mip.serverless.service.survey.Session,java.lang.String,java.lang.String]",userId,1
D:\Projetos\mip-serverless-tcc\MipFieldServerless\src\main\java\br\com\utfpr\mip\serverless\service\survey\DeleteSurveyRequest.java,br.com.utfpr.mip.serverless.service.survey.DeleteSurveyRequest,"handleRequest/2[br.com.utfpr.mip.serverless.service.survey.APIGatewayProxyRequestEvent,br.com.utfpr.mip.serverless.service.survey.Context]",input,1
D:\Projetos\mip-serverless-tcc\MipFieldServerless\src\main\java\br\com\utfpr\mip\serverless\service\survey\DeleteSurveyRequest.java,br.com.utfpr.mip.serverless.service.survey.DeleteSurveyRequest,"handleRequest/2[br.com.utfpr.mip.serverless.service.survey.APIGatewayProxyRequestEvent,br.com.utfpr.mip.serverless.service.survey.Context]",surveyId,3
D:\Projetos\mip-serverless-tcc\MipFieldServerless\src\main\java\br\com\utfpr\mip\serverless\service\survey\DeleteSurveyRequest.java,br.com.utfpr.mip.serverless.service.survey.DeleteSurveyRequest,"handleRequest/2[br.com.utfpr.mip.serverless.service.survey.APIGatewayProxyRequestEvent,br.com.utfpr.mip.serverless.service.survey.Context]",e,3
D:\Projetos\mip-serverless-tcc\MipFieldServerless\src\main\java\br\com\utfpr\mip\serverless\service\survey\DeleteSurveyRequest.java,br.com.utfpr.mip.serverless.service.survey.DeleteSurveyRequest,"handleRequest/2[br.com.utfpr.mip.serverless.service.survey.APIGatewayProxyRequestEvent,br.com.utfpr.mip.serverless.service.survey.Context]",session,5
D:\Projetos\mip-serverless-tcc\MipFieldServerless\src\main\java\br\com\utfpr\mip\serverless\service\survey\DeleteSurveyRequest.java,br.com.utfpr.mip.serverless.service.survey.DeleteSurveyRequest,"handleRequest/2[br.com.utfpr.mip.serverless.service.survey.APIGatewayProxyRequestEvent,br.com.utfpr.mip.serverless.service.survey.Context]",context,0
D:\Projetos\mip-serverless-tcc\MipFieldServerless\src\main\java\br\com\utfpr\mip\serverless\service\survey\DeleteSurveyRequest.java,br.com.utfpr.mip.serverless.service.survey.DeleteSurveyRequest,"handleRequest/2[br.com.utfpr.mip.serverless.service.survey.APIGatewayProxyRequestEvent,br.com.utfpr.mip.serverless.service.survey.Context]",sessionFactory,1
D:\Projetos\mip-serverless-tcc\MipFieldServerless\src\main\java\br\com\utfpr\mip\serverless\service\survey\DeleteSurveyRequest.java,br.com.utfpr.mip.serverless.service.survey.DeleteSurveyRequest,"handleRequest/2[br.com.utfpr.mip.serverless.service.survey.APIGatewayProxyRequestEvent,br.com.utfpr.mip.serverless.service.survey.Context]",responseEvent,8
D:\Projetos\mip-serverless-tcc\MipFieldServerless\src\main\java\br\com\utfpr\mip\serverless\service\survey\DeleteSurveyRequest.java,br.com.utfpr.mip.serverless.service.survey.DeleteSurveyRequest,"handleRequest/2[br.com.utfpr.mip.serverless.service.survey.APIGatewayProxyRequestEvent,br.com.utfpr.mip.serverless.service.survey.Context]",queryStringParameters,2
D:\Projetos\mip-serverless-tcc\MipFieldServerless\src\main\java\br\com\utfpr\mip\serverless\service\survey\DeleteSurveyRequest.java,br.com.utfpr.mip.serverless.service.survey.DeleteSurveyRequest,"handleRequest/2[br.com.utfpr.mip.serverless.service.survey.APIGatewayProxyRequestEvent,br.com.utfpr.mip.serverless.service.survey.Context]",myObject,1
D:\Projetos\mip-serverless-tcc\MipFieldServerless\src\main\java\br\com\utfpr\mip\serverless\service\survey\DeleteSurveyRequest.java,br.com.utfpr.mip.serverless.service.survey.DeleteSurveyRequest,"handleRequest/2[br.com.utfpr.mip.serverless.service.survey.APIGatewayProxyRequestEvent,br.com.utfpr.mip.serverless.service.survey.Context]",userId,2
D:\Projetos\mip-serverless-tcc\MipFieldServerless\src\main\java\br\com\utfpr\mip\serverless\service\survey\GetSurveyByIdRequest.java,br.com.utfpr.mip.serverless.service.survey.GetSurveyByIdRequest,"handleRequest/2[br.com.utfpr.mip.serverless.service.survey.APIGatewayProxyRequestEvent,br.com.utfpr.mip.serverless.service.survey.Context]",input,1
D:\Projetos\mip-serverless-tcc\MipFieldServerless\src\main\java\br\com\utfpr\mip\serverless\service\survey\GetSurveyByIdRequest.java,br.com.utfpr.mip.serverless.service.survey.GetSurveyByIdRequest,"handleRequest/2[br.com.utfpr.mip.serverless.service.survey.APIGatewayProxyRequestEvent,br.com.utfpr.mip.serverless.service.survey.Context]",e,3
D:\Projetos\mip-serverless-tcc\MipFieldServerless\src\main\java\br\com\utfpr\mip\serverless\service\survey\GetSurveyByIdRequest.java,br.com.utfpr.mip.serverless.service.survey.GetSurveyByIdRequest,"handleRequest/2[br.com.utfpr.mip.serverless.service.survey.APIGatewayProxyRequestEvent,br.com.utfpr.mip.serverless.service.survey.Context]",session,3
D:\Projetos\mip-serverless-tcc\MipFieldServerless\src\main\java\br\com\utfpr\mip\serverless\service\survey\GetSurveyByIdRequest.java,br.com.utfpr.mip.serverless.service.survey.GetSurveyByIdRequest,"handleRequest/2[br.com.utfpr.mip.serverless.service.survey.APIGatewayProxyRequestEvent,br.com.utfpr.mip.serverless.service.survey.Context]",myObjectMapper,2
D:\Projetos\mip-serverless-tcc\MipFieldServerless\src\main\java\br\com\utfpr\mip\serverless\service\survey\GetSurveyByIdRequest.java,br.com.utfpr.mip.serverless.service.survey.GetSurveyByIdRequest,"handleRequest/2[br.com.utfpr.mip.serverless.service.survey.APIGatewayProxyRequestEvent,br.com.utfpr.mip.serverless.service.survey.Context]",context,0
D:\Projetos\mip-serverless-tcc\MipFieldServerless\src\main\java\br\com\utfpr\mip\serverless\service\survey\GetSurveyByIdRequest.java,br.com.utfpr.mip.serverless.service.survey.GetSurveyByIdRequest,"handleRequest/2[br.com.utfpr.mip.serverless.service.survey.APIGatewayProxyRequestEvent,br.com.utfpr.mip.serverless.service.survey.Context]",sessionFactory,1
D:\Projetos\mip-serverless-tcc\MipFieldServerless\src\main\java\br\com\utfpr\mip\serverless\service\survey\GetSurveyByIdRequest.java,br.com.utfpr.mip.serverless.service.survey.GetSurveyByIdRequest,"handleRequest/2[br.com.utfpr.mip.serverless.service.survey.APIGatewayProxyRequestEvent,br.com.utfpr.mip.serverless.service.survey.Context]",responseEvent,6
D:\Projetos\mip-serverless-tcc\MipFieldServerless\src\main\java\br\com\utfpr\mip\serverless\service\survey\GetSurveyByIdRequest.java,br.com.utfpr.mip.serverless.service.survey.GetSurveyByIdRequest,"handleRequest/2[br.com.utfpr.mip.serverless.service.survey.APIGatewayProxyRequestEvent,br.com.utfpr.mip.serverless.service.survey.Context]",resultList,2
D:\Projetos\mip-serverless-tcc\MipFieldServerless\src\main\java\br\com\utfpr\mip\serverless\service\survey\GetSurveyRequest.java,br.com.utfpr.mip.serverless.service.survey.GetSurveyRequest,"handleRequest/2[br.com.utfpr.mip.serverless.service.survey.APIGatewayProxyRequestEvent,br.com.utfpr.mip.serverless.service.survey.Context]",input,0
D:\Projetos\mip-serverless-tcc\MipFieldServerless\src\main\java\br\com\utfpr\mip\serverless\service\survey\GetSurveyRequest.java,br.com.utfpr.mip.serverless.service.survey.GetSurveyRequest,"handleRequest/2[br.com.utfpr.mip.serverless.service.survey.APIGatewayProxyRequestEvent,br.com.utfpr.mip.serverless.service.survey.Context]",e,4
D:\Projetos\mip-serverless-tcc\MipFieldServerless\src\main\java\br\com\utfpr\mip\serverless\service\survey\GetSurveyRequest.java,br.com.utfpr.mip.serverless.service.survey.GetSurveyRequest,"handleRequest/2[br.com.utfpr.mip.serverless.service.survey.APIGatewayProxyRequestEvent,br.com.utfpr.mip.serverless.service.survey.Context]",session,3
D:\Projetos\mip-serverless-tcc\MipFieldServerless\src\main\java\br\com\utfpr\mip\serverless\service\survey\GetSurveyRequest.java,br.com.utfpr.mip.serverless.service.survey.GetSurveyRequest,"handleRequest/2[br.com.utfpr.mip.serverless.service.survey.APIGatewayProxyRequestEvent,br.com.utfpr.mip.serverless.service.survey.Context]",context,0
D:\Projetos\mip-serverless-tcc\MipFieldServerless\src\main\java\br\com\utfpr\mip\serverless\service\survey\GetSurveyRequest.java,br.com.utfpr.mip.serverless.service.survey.GetSurveyRequest,"handleRequest/2[br.com.utfpr.mip.serverless.service.survey.APIGatewayProxyRequestEvent,br.com.utfpr.mip.serverless.service.survey.Context]",sessionFactory,1
D:\Projetos\mip-serverless-tcc\MipFieldServerless\src\main\java\br\com\utfpr\mip\serverless\service\survey\GetSurveyRequest.java,br.com.utfpr.mip.serverless.service.survey.GetSurveyRequest,"handleRequest/2[br.com.utfpr.mip.serverless.service.survey.APIGatewayProxyRequestEvent,br.com.utfpr.mip.serverless.service.survey.Context]",responseEvent,6
D:\Projetos\mip-serverless-tcc\MipFieldServerless\src\main\java\br\com\utfpr\mip\serverless\service\survey\GetSurveyRequest.java,br.com.utfpr.mip.serverless.service.survey.GetSurveyRequest,"handleRequest/2[br.com.utfpr.mip.serverless.service.survey.APIGatewayProxyRequestEvent,br.com.utfpr.mip.serverless.service.survey.Context]",resultList,2
